序号,链接,节点数
0,https://node.oneclash.cc/2026/07/20260711.txt,0
1,https://node.oneclash.cc/2026/07/20260711.yaml,0
2,https://nodefree.org/dy/2026/07/20260711.txt,0
3,https://nodefree.org/dy/2026/07/20260711.yaml,0
4,https://v2rayshare.com/wp-content/uploads/2026/07/20260711.txt,0
5,https://v2rayshare.com/wp-content/uploads/2026/07/20260711.yaml,0
6,https://DTeXQJ.absslk.xyz/91398876b137f170999cc5bb8c48bc67,0
7,https://clash.221207.xyz/pubclashyaml,0
8,https://free.jingfu.cf/clash/proxies,0
9,https://raw.githubusercontent.com/Alvin9999/pac2/master/clash.meta2/1/config.yaml,0
10,https://raw.githubusercontent.com/Alvin9999/pac2/master/clash.meta2/13/config.yaml,0
11,https://raw.githubusercontent.com/Alvin9999/pac2/master/clash.meta2/15/config.yaml,0
12,https://raw.githubusercontent.com/Alvin9999/pac2/master/clash.meta2/2/config.yaml,0
13,https://raw.githubusercontent.com/Alvin9999/pac2/master/clash.meta2/config.yaml,0
14,https://raw.githubusercontent.com/Huibq/TrojanLinks/master/links/vmess,0
15,https://raw.githubusercontent.com/Junely/clash/main/clash_near.txt,259
16,https://raw.githubusercontent.com/Junely/clash/main/template3.yaml,492
17,https://raw.githubusercontent.com/Lewis-1217/FreeNodes/main/bpjzx1,33
18,https://raw.githubusercontent.com/Lewis-1217/FreeNodes/main/bpjzx2,6
19,https://raw.githubusercontent.com/Pawdroid/Free-servers/main/sub,19
20,https://raw.githubusercontent.com/Rokate/Proxy-Sub/main/clash/clash_trojan.yml,0
21,https://raw.githubusercontent.com/Rokate/Proxy-Sub/main/clash/clash_v2ray.yml,0
22,https://raw.githubusercontent.com/Surfboardv2ray/TGParse/main/python/hy2,8
23,https://raw.githubusercontent.com/Surfboardv2ray/TGParse/main/python/hysteria2,42
24,https://raw.githubusercontent.com/a2470982985/getNode/main/v2.txt,0
25,https://raw.githubusercontent.com/aiboboxx/v2rayfree/main/v2,0
26,https://raw.githubusercontent.com/anaer/Sub/main/clash.yaml,0
27,https://raw.githubusercontent.com/barry-far/V2ray-Configs/main/Subscriptions/hy2_sub.txt,0
28,https://raw.githubusercontent.com/barry-far/V2ray-Configs/main/Subscriptions/ss_sub.txt,0
29,https://raw.githubusercontent.com/barry-far/V2ray-Configs/main/Subscriptions/trojan_sub.txt,0
30,https://raw.githubusercontent.com/barry-far/V2ray-Configs/main/Subscriptions/v2ray_sub.txt,0
31,https://raw.githubusercontent.com/barry-far/V2ray-Configs/main/Subscriptions/vless_sub.txt,0
32,https://raw.githubusercontent.com/chengaopan/AutoMergePublicNodes/master/list.txt,61
33,https://raw.githubusercontent.com/cxr9912/cxr2022/main/cxr.yml,0
34,https://raw.githubusercontent.com/cxr9912/cxr2022/main/free.yaml,0
35,https://raw.githubusercontent.com/cxr9912/cxr2022/main/ss.yaml,0
36,https://raw.githubusercontent.com/cxr9912/cxr2022/main/vmess.yaml,0
37,https://raw.githubusercontent.com/ermaozi01/free_clash_vpn/main/free_v2ray,0
38,https://raw.githubusercontent.com/free_node/free_node/master/README.md,0
39,https://raw.githubusercontent.com/freefq/free/master/v2,15
40,https://raw.githubusercontent.com/hkaa0/permalink/main/proxy/V2ray,0
41,https://raw.githubusercontent.com/hkaa0/permalink/main/proxy/clash,0
42,https://raw.githubusercontent.com/mfuu/v2ray/master/clash.yaml,0
43,https://raw.githubusercontent.com/mfuu/v2ray/master/v2ray,138
44,https://raw.githubusercontent.com/mheidari98/.proxy/main/all,0
45,https://raw.githubusercontent.com/mlabalabala/v2ray-node/main/nodefree4clash.txt,10
46,https://raw.githubusercontent.com/peasoft/NoMoreWalls/master/list.txt,129
47,https://raw.githubusercontent.com/qjlxg/hy2/main/splitted/hy2,0
48,https://raw.githubusercontent.com/ripaojiedian/freenode/main/clash,14
49,https://raw.githubusercontent.com/ripaojiedian/freenode/main/sub,14
50,https://raw.githubusercontent.com/sashalsk/V2Ray/main/V2Ray,0
51,https://raw.githubusercontent.com/w1770946466/Auto_proxy/main/Long_term_subscription_num,561
52,https://raw.githubusercontent.com/yebekhe/TVC/main/README.md,0
53,https://raw.githubusercontent.com/zhangkaiitugithub/passcro/main/speednodes.yaml,59
54,https://sub.nicevpn.top/Clash.yaml,1
55,https://sub.nicevpn.top/long,505
56,dynamic://peasoft,0

总计,,1264
